Category,Size,Stride,Rate,Train,Test
Faces,18,6,0.7,0.540192926045016,0.451612903225806
Faces,17,11,0.7,0.540192926045016,0.451612903225806
Motorbikes,15,10,0.4,0.704347826086957,0.282608695652174
Bonsai,16,9,0.3,0.777777777777778,0.263157894736842
airplanes,15,4,0.8,NA,NA
Motorbikes,18,7,0.2,0.704347826086957,0.282608695652174
Motorbikes,8,3,0.7,NA,NA
airplanes,14,7,0.2,0.611864406779661,0.447004608294931
Motorbikes,18,7,0.6,NA,NA
Leopards,18,10,0.7,0.565217391304348,0.419354838709677
